{"accuracy": 0.6644, "f1": 0.6634096880170437, "precision": 0.6633142403636736, "recall": 0.6644}