{"accuracy": 0.537, "f1": 0.5222766019201229, "precision": 0.5209529599788476, "recall": 0.5370000000000001}