{"accuracy": 0.5950608930987822, "f1": 0.24870979144574057, "precision": 0.19835363103292739, "recall": 0.3333333333333333}