{"accuracy": 0.9607577807848444, "f1": 0.9570547548015518, "precision": 0.9519930041697147, "recall": 0.9624032263791302}