{"accuracy": 0.5391578519121237, "f1": 0.5360795672098307, "precision": 0.537064089364175, "recall": 0.5364468917054221}