{"accuracy": 0.8759153783563873, "f1": 0.8754403233649111, "precision": 0.8757330378254115, "recall": 0.8753878121176889}