{"accuracy": 0.9105707395498392, "f1": 0.9105446369665262, "precision": 0.910638133839029, "recall": 0.9104971463396823}