{"accuracy": 0.6237942122186495, "f1": 0.6190378971545234, "precision": 0.6325683952857213, "recall": 0.6252324193390986}