{"accuracy": 0.4598664929990231, "f1": 0.34593445190799627, "precision": 0.28933780439496715, "recall": 0.4301677319456634}