{"accuracy": 0.7028655161185282, "f1": 0.7041986804880572, "precision": 0.6933670991734253, "recall": 0.726210434273213}