{"accuracy": 0.5464018235102572, "f1": 0.22501961274958118, "precision": 0.1778014429830551, "recall": 0.31439993085829127}