{"accuracy": 0.7105177466623249, "f1": 0.710656328574378, "precision": 0.6995465809719588, "recall": 0.730772054381111}