{"accuracy": 0.534923477694562, "f1": 0.4017790074945555, "precision": 0.381547756414176, "recall": 0.4648397176198033}