{"accuracy": 0.5507977857375448, "f1": 0.22672491025617456, "precision": 0.17913966238255957, "recall": 0.31579479658155085}