{"accuracy": 0.7024584825789645, "f1": 0.7037264769755369, "precision": 0.6922635188660138, "recall": 0.726725002448145}