{"accuracy": 0.7055519374796483, "f1": 0.7069827751339094, "precision": 0.695290191058287, "recall": 0.7297926875145869}