{"accuracy": 0.7043308368609573, "f1": 0.7058849891296192, "precision": 0.6945102715665691, "recall": 0.7270979837685282}