{"accuracy": 0.7110875936177141, "f1": 0.7116949440165254, "precision": 0.7008512615834527, "recall": 0.7313828820394749}