{"accuracy": 0.7072614783458157, "f1": 0.7079307621608343, "precision": 0.6974356297494424, "recall": 0.7295407716430017}