{"accuracy": 0.5350048844024747, "f1": 0.40187955373836787, "precision": 0.3820178355073587, "recall": 0.46481165690037796}