{"accuracy": 0.5347606642787366, "f1": 0.39303338219422734, "precision": 0.396316634058298, "recall": 0.45159132292580867}