{"accuracy": 0.7070986649299902, "f1": 0.708392484364241, "precision": 0.6969046160318842, "recall": 0.7299323015333731}