{"accuracy": 0.7066916313904266, "f1": 0.7078676489579854, "precision": 0.696612788892424, "recall": 0.729474377556274}