{"accuracy": 0.5350048844024747, "f1": 0.4022032136070213, "precision": 0.38188986447955453, "recall": 0.46523268589192374}