{"accuracy": 0.5087105177466623, "f1": 0.32083717959391206, "precision": 0.4012776874148715, "recall": 0.38950105936898843}