{"accuracy": 0.8266033254156769, "f1": 0.8170926945395031, "precision": 0.8380234896109668, "recall": 0.8105660817207117}