{"accuracy": 0.9581353919239906, "f1": 0.9572711241325456, "precision": 0.9574704424309723, "recall": 0.9570762823296292}