{"accuracy": 0.30431244914564687, "f1": 0.051847230886532196, "precision": 0.03381249434951632, "recall": 0.1111111111111111}