{"accuracy": 0.4566929133858268, "f1": 0.31351351351351353, "precision": 0.2283464566929134, "recall": 0.5}