{"accuracy": 0.4645669291338583, "f1": 0.340964590964591, "precision": 0.5631720430107526, "recall": 0.505872063968016}