{"accuracy": 0.9099473684210526, "f1": 0.9099449234631436, "precision": 0.9099918928591901, "recall": 0.9099473684210526}