{"accuracy": 0.9653684210526315, "f1": 0.9653682518271364, "precision": 0.9653775171849341, "recall": 0.9653684210526317}